<?xml version="1.0" encoding="UTF-8" standalone="no"?>
<catalog prefer="public" xmlns="urn:oasis:names:tc:entity:xmlns:xml:catalog">
    <uri id="Imports Wizard Entry" name="http://ontofox.hegroup.org/2euqfbzc.owl" uri="IAO_relations.owl"/>
    <uri id="Imports Wizard Entry" name="http://ontofox.hegroup.org/ju8pqzuz.owl" uri="IAO_imported_relations.owl"/>
    <group id="Folder Repository, directory=, recursive=true, Auto-Update=true, version=2" prefer="public" xml:base="">
        <uri id="Automatically generated entry, Timestamp=1755620639443" name="http://ontofox.hegroup.org/2euqfbzc.owl" uri="IAO_relations.owl"/>
        <uri id="Automatically generated entry, Timestamp=1755620639443" name="http://ontofox.hegroup.org/doc8iyam.owl" uri="OBI_imported.owl"/>
        <uri id="Automatically generated entry, Timestamp=1755620639443" name="http://ontofox.hegroup.org/rmxxskgv.owl" uri="IAO_imported.owl"/>
        <uri id="Automatically generated entry, Timestamp=1755620639443" name="http://ontofox.hegroup.org/t0p9roko.owl" uri="RO_imported.owl"/>
        <uri id="Automatically generated entry, Timestamp=1755620639443" name="http://www.semanticweb.org/cdp/" uri="CAOS2025release.owl"/>
    </group>
</catalog>
